Putusan,Link
Putusan PN SLEMAN Nomor 640/Pid.Sus/2024/PN Smn,https://putusan3.mahkamahagung.go.id/direktori/putusan/zaefbea8cef3a828bd76313530323530.html
Putusan PN SLEMAN Nomor 641/Pid.Sus/2024/PN Smn,https://putusan3.mahkamahagung.go.id/direktori/putusan/zaefbc5a53f0e3b691a5313633363031.html
Putusan PN SLEMAN Nomor 545/Pid.Sus/2024/PN Smn,https://putusan3.mahkamahagung.go.id/direktori/putusan/zaefbc5a2fffbfcc9f1f313633353031.html
Putusan PN SLEMAN Nomor 586/Pid.Sus/2024/PN Smn,https://putusan3.mahkamahagung.go.id/direktori/putusan/zaefbc5a1636124e8618313633343137.html
Putusan PN SLEMAN Nomor 446/Pid.Sus/2024/PN Smn,https://putusan3.mahkamahagung.go.id/direktori/putusan/zaefbc18ff15e7849bba303834313132.html
Putusan PN SLEMAN Nomor 553/Pid.Sus/2024/PN Smn,https://putusan3.mahkamahagung.go.id/direktori/putusan/zaefb86a5bbcab46bae2313632303431.html
Putusan PN SLEMAN Nomor 552/Pid.Sus/2024/PN Smn,https://putusan3.mahkamahagung.go.id/direktori/putusan/zaefb86a59be6c62a8bd313632303338.html
Putusan PN SLEMAN Nomor 551/Pid.Sus/2024/PN Smn,https://putusan3.mahkamahagung.go.id/direktori/putusan/zaefb7a447be3fb8a34e313634323437.html
Putusan PN SLEMAN Nomor 550/Pid.Sus/2024/PN Smn,https://putusan3.mahkamahagung.go.id/direktori/putusan/zaefb7a44133357ca6da313634323336.html
Putusan PN SLEMAN Nomor 548/Pid.Sus/2024/PN Smn,https://putusan3.mahkamahagung.go.id/direktori/putusan/zaefb399d8b3cf24aac3313331383031.html
Putusan PN SLEMAN Nomor 547/Pid.Sus/2024/PN Smn,https://putusan3.mahkamahagung.go.id/direktori/putusan/zaefb399d701f656a3a4313331373539.html
Putusan PN SLEMAN Nomor 558/Pid.Sus/2024/PN Smn,https://putusan3.mahkamahagung.go.id/direktori/putusan/zaefb399ce4af012808a313331373434.html
Putusan PN SLEMAN Nomor 549/Pid.Sus/2024/PN Smn,https://putusan3.mahkamahagung.go.id/direktori/putusan/zaefb399cb21e3a08eb7313331373339.html
Putusan PN SLEMAN Nomor 566/Pid.Sus/2024/PN Smn,https://putusan3.mahkamahagung.go.id/direktori/putusan/zaefb399c96df0a89c5c313331373336.html
Putusan PN SLEMAN Nomor 527/Pid.Sus/2024/PN Smn,https://putusan3.mahkamahagung.go.id/direktori/putusan/zaefb20846e29dc48705313332333239.html
Putusan PN SLEMAN Nomor 568/Pid.Sus/2024/PN Smn,https://putusan3.mahkamahagung.go.id/direktori/putusan/zaefb20843e6bcf4acd2313332333234.html
Putusan PN SLEMAN Nomor 529/Pid.Sus/2024/PN Smn,https://putusan3.mahkamahagung.go.id/direktori/putusan/zaefae2420d3eab29016313433323436.html
Putusan PN SLEMAN Nomor 474/Pid.Sus/2024/PN Smn,https://putusan3.mahkamahagung.go.id/direktori/putusan/zaefab26ed1bb34eae80313931353134.html
Putusan PN SLEMAN Nomor 515/Pid.Sus/2024/PN Smn,https://putusan3.mahkamahagung.go.id/direktori/putusan/zaefa8d51ff87b168631323032343338.html
Putusan PN SLEMAN Nomor 494/Pid.Sus/2024/PN Smn,https://putusan3.mahkamahagung.go.id/direktori/putusan/zaefa6da48036820a932303735363331.html
Putusan PN SLEMAN Nomor 463/Pid.Sus/2024/PN Smn,https://putusan3.mahkamahagung.go.id/direktori/putusan/zaefa6da408f485c88a7303735363138.html
Putusan PN SLEMAN Nomor 528/Pid.Sus/2024/PN Smn,https://putusan3.mahkamahagung.go.id/direktori/putusan/zaefa6da34f8b924b29b303735353539.html
Putusan PN SLEMAN Nomor 514/Pid.Sus/2024/PN Smn,https://putusan3.mahkamahagung.go.id/direktori/putusan/zaefa6da2e4d4cf2b07d303735353438.html
Putusan PN SLEMAN Nomor 490/Pid.Sus/2024/PN Smn,https://putusan3.mahkamahagung.go.id/direktori/putusan/zaefa26858d98ea2b38d313631303532.html
Putusan PN SLEMAN Nomor 454/Pid.Sus/2024/PN Smn,https://putusan3.mahkamahagung.go.id/direktori/putusan/zaefa0d7b7eaf850a887313632333033.html
Putusan PN SLEMAN Nomor 493/Pid.Sus/2024/PN Smn,https://putusan3.mahkamahagung.go.id/direktori/putusan/zaefa0c39d18e532a358313335393038.html
Putusan PN SLEMAN Nomor 470/Pid.Sus/2024/PN Smn,https://putusan3.mahkamahagung.go.id/direktori/putusan/zaef972907ee2e7086a4303833393535.html
Putusan PN SLEMAN Nomor 464/Pid.Sus/2024/PN Smn,https://putusan3.mahkamahagung.go.id/direktori/putusan/zaef9728fc9d3cd29fcb303833393336.html
Putusan PN SLEMAN Nomor 455/Pid.Sus/2024/PN Smn,https://putusan3.mahkamahagung.go.id/direktori/putusan/zaef96711f03981aad3d313034333236.html
Putusan PN SLEMAN Nomor 475/Pid.Sus/2024/PN Smn,https://putusan3.mahkamahagung.go.id/direktori/putusan/zaef95976418560aae52303834343532.html
Putusan PN SLEMAN Nomor 476/Pid.Sus/2024/PN Smn,https://putusan3.mahkamahagung.go.id/direktori/putusan/zaef95975e50c96e85d5303834343432.html
Putusan PN SLEMAN Nomor 432/Pid.Sus/2024/PN Smn,https://putusan3.mahkamahagung.go.id/direktori/putusan/zaef9222084345ec99fe323330373133.html
Putusan PN SLEMAN Nomor 448/Pid.Sus/2024/PN Smn,https://putusan3.mahkamahagung.go.id/direktori/putusan/zaef9222065bcfecb462323330373130.html
Putusan PN SLEMAN Nomor 429/Pid.Sus/2024/PN Smn,https://putusan3.mahkamahagung.go.id/direktori/putusan/zaef90521104162e97ac313534363031.html
Putusan PN SLEMAN Nomor 396/Pid.Sus/2024/PN Smn,https://putusan3.mahkamahagung.go.id/direktori/putusan/zaef8d1c3ed85c2482fa313334333132.html
Putusan PN SLEMAN Nomor 421/Pid.Sus/2024/PN Smn,https://putusan3.mahkamahagung.go.id/direktori/putusan/zaef8d1c3660fefcc033313334323538.html
Putusan PN SLEMAN Nomor 430/Pid.Sus/2024/PN Smn,https://putusan3.mahkamahagung.go.id/direktori/putusan/zaef8c56d6b83cd8acb1313431303036.html
Putusan PN SLEMAN Nomor 420/Pid.Sus/2024/PN Smn,https://putusan3.mahkamahagung.go.id/direktori/putusan/zaef8c56ce0511109a8f313430393532.html
Putusan PN SLEMAN Nomor 401/Pid.Sus/2024/PN Smn,https://putusan3.mahkamahagung.go.id/direktori/putusan/zaef8b90a98b3d088841313433313330.html
Putusan PN SLEMAN Nomor 442/Pid.Sus/2024/PN Smn,https://putusan3.mahkamahagung.go.id/direktori/putusan/zaef8ad51c302b009fe5313630383537.html
Putusan PN SLEMAN Nomor 443/Pid.Sus/2024/PN Smn,https://putusan3.mahkamahagung.go.id/direktori/putusan/zaef8ad4dc7a6e6ca1fc313630373130.html
Putusan PN SLEMAN Nomor 400/Pid.Sus/2024/PN Smn,https://putusan3.mahkamahagung.go.id/direktori/putusan/zaef8ad4c70be1b4b736313630363334.html
Putusan PN SLEMAN Nomor 447/Pid.Sus/2024/PN Smn,https://putusan3.mahkamahagung.go.id/direktori/putusan/zaef8ad49bbcf1428fff313630353232.html
Putusan PN SLEMAN Nomor 385/Pid.Sus/2024/PN Smn,https://putusan3.mahkamahagung.go.id/direktori/putusan/zaef8518bb8fe7348625303835373534.html
Putusan PN SLEMAN Nomor 397/Pid.Sus/2024/PN Smn,https://putusan3.mahkamahagung.go.id/direktori/putusan/zaef8518b5dd3df0a862303835373434.html
Putusan PN SLEMAN Nomor 378/Pid.Sus/2024/PN Smn,https://putusan3.mahkamahagung.go.id/direktori/putusan/zaef8152af83f8008a56313334323430.html
Putusan PN SLEMAN Nomor 413/Pid.Sus/2024/PN Smn,https://putusan3.mahkamahagung.go.id/direktori/putusan/zaef8152ae09455281f4313334323337.html
Putusan PN SLEMAN Nomor 403/Pid.Sus/2024/PN Smn,https://putusan3.mahkamahagung.go.id/direktori/putusan/zaef8152908f05208767313334313438.html
Putusan PN SLEMAN Nomor 386/Pid.Sus/2024/PN Smn,https://putusan3.mahkamahagung.go.id/direktori/putusan/zaef7fda68957e24bad8313634393130.html
Putusan PN SLEMAN Nomor 345/Pid.Sus/2024/PN Smn,https://putusan3.mahkamahagung.go.id/direktori/putusan/zaef7fd95d66a43eb46f313634313432.html
Putusan PN SLEMAN Nomor 395/Pid.Sus/2024/PN Smn,https://putusan3.mahkamahagung.go.id/direktori/putusan/zaef7fd958e4adf2b78a313634313334.html
Putusan PN SLEMAN Nomor 350/Pid.Sus/2024/PN Smn,https://putusan3.mahkamahagung.go.id/direktori/putusan/zaef7fd92bf4caaca588313634303139.html
Putusan PN SLEMAN Nomor 398/Pid.Sus/2024/PN Smn,https://putusan3.mahkamahagung.go.id/direktori/putusan/zaef7fd92a5d9746a1e3313634303136.html
Putusan PN SLEMAN Nomor 351/Pid.Sus/2024/PN Smn,https://putusan3.mahkamahagung.go.id/direktori/putusan/zaef7fd928697aa49bec313634303133.html
Putusan PN SLEMAN Nomor 399/Pid.Sus/2024/PN Smn,https://putusan3.mahkamahagung.go.id/direktori/putusan/zaef7fd926f87d00a8ed313634303131.html
Putusan PN SLEMAN Nomor 406/Pid.Sus/2024/PN Smn,https://putusan3.mahkamahagung.go.id/direktori/putusan/zaef7fd9218aaee29d13313634303031.html
Putusan PN SLEMAN Nomor 379/Pid.Sus/2024/PN Smn,https://putusan3.mahkamahagung.go.id/direktori/putusan/zaef7fd90e63812c99e1313633393239.html
Putusan PN SLEMAN Nomor 306/Pid.Sus/2024/PN Smn,https://putusan3.mahkamahagung.go.id/direktori/putusan/zaef70dc4bcf76d09f19313435343533.html
Putusan PN SLEMAN Nomor 376/Pid.Sus/2024/PN Smn,https://putusan3.mahkamahagung.go.id/direktori/putusan/zaef6fe555e0fc72a435303932373035.html
Putusan PN SLEMAN Nomor 260/Pid.Sus/2024/PN Smn,https://putusan3.mahkamahagung.go.id/direktori/putusan/zaef6c1a0220368096f0313333343033.html
Putusan PN SLEMAN Nomor 309/Pid.Sus/2024/PN Smn,https://putusan3.mahkamahagung.go.id/direktori/putusan/zaef6b52f549ca60829b313334393131.html
Putusan PN SLEMAN Nomor 305/Pid.Sus/2024/PN Smn,https://putusan3.mahkamahagung.go.id/direktori/putusan/zaef6b52f3e742e29f04313334393039.html
Putusan PN SLEMAN Nomor 286/Pid.Sus/2024/PN Smn,https://putusan3.mahkamahagung.go.id/direktori/putusan/zaef6a9d8fc62842adf8313631303432.html
Putusan PN SLEMAN Nomor 343/Pid.Sus/2024/PN Smn,https://putusan3.mahkamahagung.go.id/direktori/putusan/zaef66b35e5ad142bdf9313633363433.html
Putusan PN SLEMAN Nomor 312/Pid.Sus/2024/PN Smn,https://putusan3.mahkamahagung.go.id/direktori/putusan/zaef65ac447a7d2aaab1303931333232.html
Putusan PN SLEMAN Nomor 340/Pid.Sus/2024/PN Smn,https://putusan3.mahkamahagung.go.id/direktori/putusan/zaef651c9e2edb26b943313630353035.html
Putusan PN SLEMAN Nomor 344/Pid.Sus/2024/PN Smn,https://putusan3.mahkamahagung.go.id/direktori/putusan/zaef5fbb7f760382b7c3313934373137.html
Putusan PN SLEMAN Nomor 362/Pid.Sus/2024/PN Smn,https://putusan3.mahkamahagung.go.id/direktori/putusan/zaef5fbb7c1bad90bef0313934373131.html
Putusan PN SLEMAN Nomor 292/Pid.Sus/2024/PN Smn,https://putusan3.mahkamahagung.go.id/direktori/putusan/zaef5dff964298f4855a313434393339.html
Putusan PN SLEMAN Nomor 333/Pid.Sus/2024/PN Smn,https://putusan3.mahkamahagung.go.id/direktori/putusan/zaef5aa9c7af6ac4bc84303835373531.html
Putusan PN SLEMAN Nomor 277/Pid.Sus/2024/PN Smn,https://putusan3.mahkamahagung.go.id/direktori/putusan/zaef5576a6c77e2eb1e5313830393136.html
Putusan PN SLEMAN Nomor 325/Pid.Sus/2024/PN Smn,https://putusan3.mahkamahagung.go.id/direktori/putusan/zaef5576a31493e881b4313830393130.html
Putusan PN SLEMAN Nomor 278/Pid.Sus/2024/PN Smn,https://putusan3.mahkamahagung.go.id/direktori/putusan/zaef55510132b534a436313333393437.html
Putusan PN SLEMAN Nomor 252/Pid.Sus/2024/PN Smn,https://putusan3.mahkamahagung.go.id/direktori/putusan/zaef54719a52eb5c85d6313130303336.html
Putusan PN SLEMAN Nomor 212/Pid.Sus/2024/PN Smn,https://putusan3.mahkamahagung.go.id/direktori/putusan/zaef4fe7460a6e6eb0a7313632303230.html
Putusan PN SLEMAN Nomor 289/Pid.Sus/2024/PN Smn,https://putusan3.mahkamahagung.go.id/direktori/putusan/zaef4e50bd7304c2bb14313535303135.html
Putusan PN SLEMAN Nomor 240/Pid.Sus/2024/PN Smn,https://putusan3.mahkamahagung.go.id/direktori/putusan/zaef4a41757f28988701313135303437.html
Putusan PN SLEMAN Nomor 227/Pid.Sus/2024/PN Smn,https://putusan3.mahkamahagung.go.id/direktori/putusan/zaef4a416ddac0ac983f313135303334.html
Putusan PN SLEMAN Nomor 253/Pid.Sus/2024/PN Smn,https://putusan3.mahkamahagung.go.id/direktori/putusan/zaef4a416c94984494fb313135303332.html
Putusan PN SLEMAN Nomor 264/Pid.Sus/2024/PN Smn,https://putusan3.mahkamahagung.go.id/direktori/putusan/zaef48ba4d5367368e9b313331303437.html
